[{"model": "auth.permission", "pk": 1, "fields": {"name": "Can add log entry", "content_type": 1, "codename": "add_logentry"}}, {"model": "auth.permission", "pk": 2, "fields": {"name": "Can change log entry", "content_type": 1, "codename": "change_logentry"}}, {"model": "auth.permission", "pk": 3, "fields": {"name": "Can delete log entry", "content_type": 1, "codename": "delete_logentry"}}, {"model": "auth.permission", "pk": 4, "fields": {"name": "Can view log entry", "content_type": 1, "codename": "view_logentry"}}, {"model": "auth.permission", "pk": 5, "fields": {"name": "Can add permission", "content_type": 2, "codename": "add_permission"}}, {"model": "auth.permission", "pk": 6, "fields": {"name": "Can change permission", "content_type": 2, "codename": "change_permission"}}, {"model": "auth.permission", "pk": 7, "fields": {"name": "Can delete permission", "content_type": 2, "codename": "delete_permission"}}, {"model": "auth.permission", "pk": 8, "fields": {"name": "Can view permission", "content_type": 2, "codename": "view_permission"}}, {"model": "auth.permission", "pk": 9, "fields": {"name": "Can add group", "content_type": 3, "codename": "add_group"}}, {"model": "auth.permission", "pk": 10, "fields": {"name": "Can change group", "content_type": 3, "codename": "change_group"}}, {"model": "auth.permission", "pk": 11, "fields": {"name": "Can delete group", "content_type": 3, "codename": "delete_group"}}, {"model": "auth.permission", "pk": 12, "fields": {"name": "Can view group", "content_type": 3, "codename": "view_group"}}, {"model": "auth.permission", "pk": 13, "fields": {"name": "Can add content type", "content_type": 4, "codename": "add_contenttype"}}, {"model": "auth.permission", "pk": 14, "fields": {"name": "Can change content type", "content_type": 4, "codename": "change_contenttype"}}, {"model": "auth.permission", "pk": 15, "fields": {"name": "Can delete content type", "content_type": 4, "codename": "delete_contenttype"}}, {"model": "auth.permission", "pk": 16, "fields": {"name": "Can view content type", "content_type": 4, "codename": "view_contenttype"}}, {"model": "auth.permission", "pk": 17, "fields": {"name": "Can add session", "content_type": 5, "codename": "add_session"}}, {"model": "auth.permission", "pk": 18, "fields": {"name": "Can change session", "content_type": 5, "codename": "change_session"}}, {"model": "auth.permission", "pk": 19, "fields": {"name": "Can delete session", "content_type": 5, "codename": "delete_session"}}, {"model": "auth.permission", "pk": 20, "fields": {"name": "Can view session", "content_type": 5, "codename": "view_session"}}, {"model": "auth.permission", "pk": 21, "fields": {"name": "Can add user", "content_type": 6, "codename": "add_customuser"}}, {"model": "auth.permission", "pk": 22, "fields": {"name": "Can change user", "content_type": 6, "codename": "change_customuser"}}, {"model": "auth.permission", "pk": 23, "fields": {"name": "Can delete user", "content_type": 6, "codename": "delete_customuser"}}, {"model": "auth.permission", "pk": 24, "fields": {"name": "Can view user", "content_type": 6, "codename": "view_customuser"}}, {"model": "auth.permission", "pk": 25, "fields": {"name": "Can add product", "content_type": 7, "codename": "add_product"}}, {"model": "auth.permission", "pk": 26, "fields": {"name": "Can change product", "content_type": 7, "codename": "change_product"}}, {"model": "auth.permission", "pk": 27, "fields": {"name": "Can delete product", "content_type": 7, "codename": "delete_product"}}, {"model": "auth.permission", "pk": 28, "fields": {"name": "Can view product", "content_type": 7, "codename": "view_product"}}, {"model": "auth.permission", "pk": 29, "fields": {"name": "Can add cart item", "content_type": 8, "codename": "add_cartitem"}}, {"model": "auth.permission", "pk": 30, "fields": {"name": "Can change cart item", "content_type": 8, "codename": "change_cartitem"}}, {"model": "auth.permission", "pk": 31, "fields": {"name": "Can delete cart item", "content_type": 8, "codename": "delete_cartitem"}}, {"model": "auth.permission", "pk": 32, "fields": {"name": "Can view cart item", "content_type": 8, "codename": "view_cartitem"}}, {"model": "auth.permission", "pk": 33, "fields": {"name": "Can add cart", "content_type": 9, "codename": "add_cart"}}, {"model": "auth.permission", "pk": 34, "fields": {"name": "Can change cart", "content_type": 9, "codename": "change_cart"}}, {"model": "auth.permission", "pk": 35, "fields": {"name": "Can delete cart", "content_type": 9, "codename": "delete_cart"}}, {"model": "auth.permission", "pk": 36, "fields": {"name": "Can view cart", "content_type": 9, "codename": "view_cart"}}, {"model": "auth.permission", "pk": 37, "fields": {"name": "Can add order", "content_type": 10, "codename": "add_order"}}, {"model": "auth.permission", "pk": 38, "fields": {"name": "Can change order", "content_type": 10, "codename": "change_order"}}, {"model": "auth.permission", "pk": 39, "fields": {"name": "Can delete order", "content_type": 10, "codename": "delete_order"}}, {"model": "auth.permission", "pk": 40, "fields": {"name": "Can view order", "content_type": 10, "codename": "view_order"}}, {"model": "auth.permission", "pk": 41, "fields": {"name": "Can add order item", "content_type": 11, "codename": "add_orderitem"}}, {"model": "auth.permission", "pk": 42, "fields": {"name": "Can change order item", "content_type": 11, "codename": "change_orderitem"}}, {"model": "auth.permission", "pk": 43, "fields": {"name": "Can delete order item", "content_type": 11, "codename": "delete_orderitem"}}, {"model": "auth.permission", "pk": 44, "fields": {"name": "Can view order item", "content_type": 11, "codename": "view_orderitem"}}, {"model": "contenttypes.contenttype", "pk": 1, "fields": {"app_label": "admin", "model": "logentry"}}, {"model": "contenttypes.contenttype", "pk": 2, "fields": {"app_label": "auth", "model": "permission"}}, {"model": "contenttypes.contenttype", "pk": 3, "fields": {"app_label": "auth", "model": "group"}}, {"model": "contenttypes.contenttype", "pk": 4, "fields": {"app_label": "contenttypes", "model": "contenttype"}}, {"model": "contenttypes.contenttype", "pk": 5, "fields": {"app_label": "sessions", "model": "session"}}, {"model": "contenttypes.contenttype", "pk": 6, "fields": {"app_label": "core", "model": "customuser"}}, {"model": "contenttypes.contenttype", "pk": 7, "fields": {"app_label": "shop_app", "model": "product"}}, {"model": "contenttypes.contenttype", "pk": 8, "fields": {"app_label": "shop_app", "model": "cartitem"}}, {"model": "contenttypes.contenttype", "pk": 9, "fields": {"app_label": "shop_app", "model": "cart"}}, {"model": "contenttypes.contenttype", "pk": 10, "fields": {"app_label": "shop_app", "model": "order"}}, {"model": "contenttypes.contenttype", "pk": 11, "fields": {"app_label": "shop_app", "model": "orderitem"}}, {"model": "sessions.session", "pk": "58szttdaaf74ofvaz4ecquqa03as6doy", "fields": {"session_data": ".eJxVjEEOwiAQRe_C2hCgHRhcuvcMBGaoVA0kpV0Z765NutDtf-_9lwhxW0vYel7CzOIstDj9binSI9cd8D3WW5PU6rrMSe6KPGiX18b5eTncv4MSe_nWDhxbBCZKNhtU2aYpIUVAPyAangYw4EmDAlYuK4PstTbkYYx2dEm8P-EnN1g:1wEzsa:E0h9r9vyZExK4gNmqkq-4OpBAYehtBh1SJT4ilqut6s", "expire_date": "2026-05-05T01:26:20.840Z"}}, {"model": "core.customuser", "pk": 7, "fields": {"password": "pbkdf2_sha256$600000$NzOC5q9RdTYhLFiejKiQEp$7rKUZvNssRtJ+LaIoJBMdIjZbOIbKU0pNXyZFZYB9gg=", "last_login": null, "is_superuser": false, "first_name": "", "last_name": "", "email": "", "is_staff": false, "is_active": true, "date_joined": "2026-04-22T15:26:57.552Z", "username": "ashu", "city": null, "state": null, "address": null, "phone": null, "groups": [], "user_permissions": []}}, {"model": "core.customuser", "pk": 8, "fields": {"password": "pbkdf2_sha256$600000$vG0Uut8cR60Ej3dtarjNQC$sb8AgMM30eDyXRlVO0hSD5X+sOfwJDORSS1mfmNj+bY=", "last_login": null, "is_superuser": false, "first_name": "", "last_name": "", "email": "test@gmail.com", "is_staff": false, "is_active": true, "date_joined": "2026-04-22T15:35:06.426Z", "username": "testuser", "city": null, "state": null, "address": null, "phone": null, "groups": [], "user_permissions": []}}, {"model": "core.customuser", "pk": 10, "fields": {"password": "pbkdf2_sha256$600000$CWngtLVJFdofjxHQli8cKG$D4eRU6LiwSXFR6aMqHKiGKicUzjtovCRYnPMAdtkWs4=", "last_login": null, "is_superuser": false, "first_name": "", "last_name": "", "email": "manjeet@gmail.com", "is_staff": false, "is_active": true, "date_joined": "2026-04-22T16:21:04.428Z", "username": "manjeet", "city": "koderma", "state": "jharkhand", "address": "koderma, jharkhand", "phone": "7788665522", "groups": [], "user_permissions": []}}, {"model": "core.customuser", "pk": 11, "fields": {"password": "pbkdf2_sha256$600000$bL7OjI9A6MWUJKidfkb7yk$g+9IvVwZG7zFIf6R0v4m2hKB1RbwcL+tEJhksHGhYck=", "last_login": null, "is_superuser": false, "first_name": "", "last_name": "", "email": "amanyadav@gmail.com", "is_staff": false, "is_active": true, "date_joined": "2026-04-23T03:24:21.419Z", "username": "nandu", "city": "koderma", "state": "jharkhand", "address": "jaipur, Rajasthan", "phone": "7788665540", "groups": [], "user_permissions": []}}, {"model": "core.customuser", "pk": 12, "fields": {"password": "pbkdf2_sha256$600000$fDA77sowARhECDqavgBojZ$Sp3IAIKqE37fNxkMuNtFArI+DbkNBLyOz4+5tuWIXzU=", "last_login": null, "is_superuser": false, "first_name": "", "last_name": "", "email": "aman.codes@gmail.com", "is_staff": false, "is_active": true, "date_joined": "2026-04-23T03:45:41.932Z", "username": "aman yadav", "city": "koderma", "state": "jharkhand", "address": "Beawar,Rajasthan", "phone": "7788665544", "groups": [], "user_permissions": []}}, {"model": "core.customuser", "pk": 13, "fields": {"password": "pbkdf2_sha256$600000$HQRE7PMYT2JwsRJxD0kQAl$7pO09GMDrxiLwB5o42HvkqxZgxxjrY2gs9h1W/sAXas=", "last_login": null, "is_superuser": true, "first_name": "", "last_name": "", "email": "admin@gmail.com", "is_staff": true, "is_active": true, "date_joined": "2026-04-23T05:48:56.467Z", "username": "admin", "city": null, "state": null, "address": null, "phone": null, "groups": [], "user_permissions": []}}, {"model": "core.customuser", "pk": 14, "fields": {"password": "pbkdf2_sha256$600000$3YRQFLQJv55Jpla0uJZMiN$+1Y39AGIIiVjo/IutD9qOGjWTzrVbxMeZyaU3k2k784=", "last_login": null, "is_superuser": true, "first_name": "", "last_name": "", "email": "abdul@gmail.com", "is_staff": true, "is_active": true, "date_joined": "2026-04-23T08:02:30.515Z", "username": "abdul", "city": null, "state": null, "address": null, "phone": null, "groups": [], "user_permissions": []}}, {"model": "shop_app.product", "pk": 1, "fields": {"name": "Rolex Wrist", "slug": "rolex-wrist", "image": "img/watch.webp", "description": "watch", "price": "300.00", "category": "Electronics"}}, {"model": "shop_app.product", "pk": 2, "fields": {"name": "HP EliteBook", "slug": "hp-elitebook", "image": "img/hp.jpg", "description": "The HP EliteBook is a premium business-class laptop series made by HP (Hewlett-Packard). It is designed mainly for professionals, offices, and students who need performance, security, and durability.", "price": "500.00", "category": "Electronics"}}, {"model": "shop_app.product", "pk": 3, "fields": {"name": "Gucci Brown", "slug": "gucci-brown-shoe", "image": "img/brown.avif", "description": "The Gucci brown shoes are a symbol of luxury, elegance, and timeless fashion. These shoes are especially popular in styles like loafers, formal lace-ups, and sneakers, with brown leather being one of the most classic and versatile colors.", "price": "200.00", "category": "Clothings"}}, {"model": "shop_app.product", "pk": 4, "fields": {"name": "Millionaire Fast Lane", "slug": "millionaire-books", "image": "img/books_.avif", "description": "This  is a popular self-help and business book . It focuses on financial freedom, entrepreneurship, and building wealth quickly (but not easily).", "price": "70.00", "category": "Groceries"}}, {"model": "shop_app.product", "pk": 5, "fields": {"name": "Gucci Bag", "slug": "gucci-bag", "image": "img/Gucci.jpeg", "description": "Gucci Ophidia Mini GG Canvas Chain Shoulder Bag With OG Box & Dust Bag – Lebrouges", "price": "220.00", "category": "Clothings"}}, {"model": "shop_app.product", "pk": 6, "fields": {"name": "Books", "slug": "books", "image": "img/knowledge.jpeg", "description": "Forbidden Knowledge: Medicine, Science, and Censorship in Early Modern Italy, Marcus", "price": "100.00", "category": "Groceries"}}, {"model": "shop_app.product", "pk": 7, "fields": {"name": "AllStars Pair", "slug": "allstars-pair-shoe", "image": "img/stars.jpeg", "description": "Pair of “Chuck Taylor All Star” Converse sneakers worn by Cab Calloway | National Museum of African", "price": "1200.00", "category": "Clothings"}}, {"model": "shop_app.product", "pk": 8, "fields": {"name": "Nike Pair", "slug": "pair-shoe", "image": "img/nike.webp", "description": "", "price": "150.00", "category": "Clothings"}}, {"model": "shop_app.product", "pk": 9, "fields": {"name": "Titan Wrist", "slug": "wrist-watch", "image": "img/luxary.jpg", "description": "Luxury Gold Watch– Browse 79,795 Stock Photos, Vectors, and Video | Adobe Stock", "price": "220.00", "category": "Electronics"}}, {"model": "shop_app.product", "pk": 10, "fields": {"name": "Strawberry Pairfait", "slug": "strawberry-pairfait", "image": "img/juice.jpg", "description": "A Strawberry Parfait is a layered dessert made with fresh strawberries, creamy yogurt or whipped cream, and crunchy elements like granola or biscuits. It’s loved for its beautiful presentation, refreshing taste, and balanced texture.", "price": "80.00", "category": "Groceries"}}, {"model": "shop_app.product", "pk": 11, "fields": {"name": "Vans Hodi", "slug": "vans-hodi", "image": "img/hoodi.jpeg", "description": "A Vans hoodie is a popular streetwear sweatshirt with a hood, made by the iconic skate brand Vans. It combines comfort, casual style, and urban fashion, making it a favorite among students and young people.", "price": "150.00", "category": "Clothings"}}, {"model": "shop_app.product", "pk": 12, "fields": {"name": "Vintage Jacket", "slug": "vintage-jacket", "image": "img/jacket.jpeg", "description": "A Vintage Jacket is a jacket inspired by or originally made in past decades (like the 70s, 80s, or 90s). It is known for its classic design, unique character, and timeless appeal.", "price": "200.00", "category": "Clothings"}}, {"model": "shop_app.cart", "pk": 5, "fields": {"cart_code": "gfdUiF1lYu", "user": null, "paid": false, "created_at": "2026-04-16T17:03:49.070Z", "modified_at": "2026-04-16T17:03:49.070Z"}}, {"model": "shop_app.cart", "pk": 6, "fields": {"cart_code": "sQKTVts4h7", "user": null, "paid": false, "created_at": "2026-04-16T17:43:03.318Z", "modified_at": "2026-04-16T17:43:03.318Z"}}, {"model": "shop_app.cart", "pk": 7, "fields": {"cart_code": "d8kwhhyj", "user": null, "paid": true, "created_at": "2026-04-21T02:45:29.248Z", "modified_at": "2026-04-22T01:50:34.043Z"}}, {"model": "shop_app.cart", "pk": 8, "fields": {"cart_code": "d8kwhhyj", "user": null, "paid": true, "created_at": "2026-04-22T02:15:36.330Z", "modified_at": "2026-04-22T02:15:52.495Z"}}, {"model": "shop_app.cart", "pk": 9, "fields": {"cart_code": "llc6iywe", "user": null, "paid": true, "created_at": "2026-04-22T02:16:06.072Z", "modified_at": "2026-04-22T02:17:29.408Z"}}, {"model": "shop_app.cart", "pk": 10, "fields": {"cart_code": "urruIFYoy1", "user": null, "paid": true, "created_at": "2026-04-22T02:17:55.593Z", "modified_at": "2026-04-22T02:18:31.900Z"}}, {"model": "shop_app.cart", "pk": 11, "fields": {"cart_code": "vsXhT2q7es", "user": null, "paid": true, "created_at": "2026-04-22T02:21:24.086Z", "modified_at": "2026-04-22T02:23:24.178Z"}}, {"model": "shop_app.cart", "pk": 12, "fields": {"cart_code": "LbWZecltkT", "user": null, "paid": true, "created_at": "2026-04-22T02:28:22.721Z", "modified_at": "2026-04-22T02:28:40.712Z"}}, {"model": "shop_app.cart", "pk": 13, "fields": {"cart_code": "aKAuCrZWPs", "user": null, "paid": true, "created_at": "2026-04-22T02:31:46.663Z", "modified_at": "2026-04-22T02:32:29.385Z"}}, {"model": "shop_app.cart", "pk": 14, "fields": {"cart_code": "aKAuCrZWPs", "user": null, "paid": true, "created_at": "2026-04-22T02:36:45.067Z", "modified_at": "2026-04-22T02:36:53.217Z"}}, {"model": "shop_app.cart", "pk": 15, "fields": {"cart_code": "JiPYTH0YIT", "user": null, "paid": true, "created_at": "2026-04-22T02:37:49.114Z", "modified_at": "2026-04-22T02:37:54.004Z"}}, {"model": "shop_app.cart", "pk": 16, "fields": {"cart_code": "JiPYTH0YIT", "user": null, "paid": true, "created_at": "2026-04-22T02:38:40.159Z", "modified_at": "2026-04-22T05:48:58.577Z"}}, {"model": "shop_app.cart", "pk": 17, "fields": {"cart_code": "FOvjvHaQln", "user": null, "paid": true, "created_at": "2026-04-22T06:19:48.935Z", "modified_at": "2026-04-22T06:20:21.022Z"}}, {"model": "shop_app.cart", "pk": 18, "fields": {"cart_code": "lnjiwpynBR", "user": null, "paid": true, "created_at": "2026-04-22T06:24:56.380Z", "modified_at": "2026-04-22T06:25:07.455Z"}}, {"model": "shop_app.cart", "pk": 19, "fields": {"cart_code": "fgYnvNSVoS", "user": null, "paid": true, "created_at": "2026-04-22T06:56:16.524Z", "modified_at": "2026-04-22T06:56:43.102Z"}}, {"model": "shop_app.cart", "pk": 20, "fields": {"cart_code": "ZkFCvIm090", "user": null, "paid": true, "created_at": "2026-04-22T11:38:04.602Z", "modified_at": "2026-04-22T11:38:21.241Z"}}, {"model": "shop_app.cart", "pk": 21, "fields": {"cart_code": "epvvGNUlqL", "user": null, "paid": true, "created_at": "2026-04-22T12:58:37.675Z", "modified_at": "2026-04-22T12:58:56.603Z"}}, {"model": "shop_app.cart", "pk": 22, "fields": {"cart_code": "5Z4yowfsGH", "user": null, "paid": true, "created_at": "2026-04-22T15:00:04.018Z", "modified_at": "2026-04-22T15:36:02.453Z"}}, {"model": "shop_app.cart", "pk": 23, "fields": {"cart_code": "W8SZ8jZgWQ", "user": null, "paid": true, "created_at": "2026-04-22T15:36:51.312Z", "modified_at": "2026-04-22T15:37:13.561Z"}}, {"model": "shop_app.cart", "pk": 24, "fields": {"cart_code": "W8SZ8jZgWQ", "user": null, "paid": true, "created_at": "2026-04-22T15:57:16.343Z", "modified_at": "2026-04-22T15:57:19.000Z"}}, {"model": "shop_app.cart", "pk": 25, "fields": {"cart_code": "hao7p7ZE2G", "user": null, "paid": true, "created_at": "2026-04-22T16:21:25.816Z", "modified_at": "2026-04-22T16:21:41.118Z"}}, {"model": "shop_app.cart", "pk": 26, "fields": {"cart_code": "kTXXGAMRmi", "user": null, "paid": true, "created_at": "2026-04-22T16:26:46.996Z", "modified_at": "2026-04-22T16:27:10.912Z"}}, {"model": "shop_app.cart", "pk": 27, "fields": {"cart_code": "AcpaBlBlRe", "user": null, "paid": true, "created_at": "2026-04-22T16:28:48.075Z", "modified_at": "2026-04-23T03:25:07.892Z"}}, {"model": "shop_app.cart", "pk": 28, "fields": {"cart_code": "lcfBq3j5s7", "user": null, "paid": true, "created_at": "2026-04-23T03:46:03.448Z", "modified_at": "2026-04-23T03:46:20.441Z"}}, {"model": "shop_app.cartitem", "pk": 14, "fields": {"cart": 5, "product": 3, "quantity": 1}}, {"model": "shop_app.cartitem", "pk": 15, "fields": {"cart": 5, "product": 8, "quantity": 1}}, {"model": "shop_app.cartitem", "pk": 16, "fields": {"cart": 5, "product": 5, "quantity": 1}}, {"model": "shop_app.cartitem", "pk": 28, "fields": {"cart": 6, "product": 2, "quantity": 1}}, {"model": "shop_app.cartitem", "pk": 29, "fields": {"cart": 6, "product": 3, "quantity": 2}}, {"model": "shop_app.cartitem", "pk": 31, "fields": {"cart": 6, "product": 7, "quantity": 1}}, {"model": "shop_app.cartitem", "pk": 32, "fields": {"cart": 6, "product": 8, "quantity": 1}}, {"model": "shop_app.cartitem", "pk": 33, "fields": {"cart": 6, "product": 11, "quantity": 1}}, {"model": "shop_app.cartitem", "pk": 40, "fields": {"cart": 7, "product": 2, "quantity": 3}}, {"model": "shop_app.cartitem", "pk": 41, "fields": {"cart": 8, "product": 3, "quantity": 3}}, {"model": "shop_app.cartitem", "pk": 42, "fields": {"cart": 9, "product": 3, "quantity": 2}}, {"model": "shop_app.cartitem", "pk": 43, "fields": {"cart": 10, "product": 2, "quantity": 3}}, {"model": "shop_app.cartitem", "pk": 44, "fields": {"cart": 11, "product": 2, "quantity": 1}}, {"model": "shop_app.cartitem", "pk": 45, "fields": {"cart": 12, "product": 2, "quantity": 3}}, {"model": "shop_app.cartitem", "pk": 46, "fields": {"cart": 12, "product": 1, "quantity": 3}}, {"model": "shop_app.cartitem", "pk": 47, "fields": {"cart": 13, "product": 3, "quantity": 1}}, {"model": "shop_app.cartitem", "pk": 48, "fields": {"cart": 13, "product": 8, "quantity": 1}}, {"model": "shop_app.cartitem", "pk": 49, "fields": {"cart": 14, "product": 3, "quantity": 3}}, {"model": "shop_app.cartitem", "pk": 50, "fields": {"cart": 15, "product": 6, "quantity": 1}}, {"model": "shop_app.cartitem", "pk": 51, "fields": {"cart": 16, "product": 7, "quantity": 3}}, {"model": "shop_app.cartitem", "pk": 52, "fields": {"cart": 17, "product": 2, "quantity": 3}}, {"model": "shop_app.cartitem", "pk": 53, "fields": {"cart": 17, "product": 9, "quantity": 3}}, {"model": "shop_app.cartitem", "pk": 54, "fields": {"cart": 17, "product": 1, "quantity": 4}}, {"model": "shop_app.cartitem", "pk": 55, "fields": {"cart": 17, "product": 3, "quantity": 3}}, {"model": "shop_app.cartitem", "pk": 56, "fields": {"cart": 18, "product": 12, "quantity": 4}}, {"model": "shop_app.cartitem", "pk": 57, "fields": {"cart": 19, "product": 2, "quantity": 3}}, {"model": "shop_app.cartitem", "pk": 58, "fields": {"cart": 19, "product": 9, "quantity": 3}}, {"model": "shop_app.cartitem", "pk": 59, "fields": {"cart": 19, "product": 1, "quantity": 3}}, {"model": "shop_app.cartitem", "pk": 60, "fields": {"cart": 20, "product": 3, "quantity": 3}}, {"model": "shop_app.cartitem", "pk": 61, "fields": {"cart": 20, "product": 8, "quantity": 1}}, {"model": "shop_app.cartitem", "pk": 62, "fields": {"cart": 21, "product": 11, "quantity": 5}}, {"model": "shop_app.cartitem", "pk": 63, "fields": {"cart": 22, "product": 10, "quantity": 3}}, {"model": "shop_app.cartitem", "pk": 64, "fields": {"cart": 22, "product": 3, "quantity": 1}}, {"model": "shop_app.cartitem", "pk": 65, "fields": {"cart": 22, "product": 8, "quantity": 1}}, {"model": "shop_app.cartitem", "pk": 66, "fields": {"cart": 22, "product": 11, "quantity": 1}}, {"model": "shop_app.cartitem", "pk": 67, "fields": {"cart": 23, "product": 3, "quantity": 4}}, {"model": "shop_app.cartitem", "pk": 68, "fields": {"cart": 24, "product": 3, "quantity": 1}}, {"model": "shop_app.cartitem", "pk": 69, "fields": {"cart": 25, "product": 3, "quantity": 3}}, {"model": "shop_app.cartitem", "pk": 70, "fields": {"cart": 25, "product": 8, "quantity": 3}}, {"model": "shop_app.cartitem", "pk": 71, "fields": {"cart": 26, "product": 11, "quantity": 3}}, {"model": "shop_app.cartitem", "pk": 72, "fields": {"cart": 26, "product": 8, "quantity": 3}}, {"model": "shop_app.cartitem", "pk": 73, "fields": {"cart": 27, "product": 4, "quantity": 1}}, {"model": "shop_app.cartitem", "pk": 74, "fields": {"cart": 27, "product": 3, "quantity": 3}}, {"model": "shop_app.cartitem", "pk": 75, "fields": {"cart": 27, "product": 8, "quantity": 1}}, {"model": "shop_app.cartitem", "pk": 76, "fields": {"cart": 28, "product": 3, "quantity": 1}}, {"model": "shop_app.cartitem", "pk": 77, "fields": {"cart": 28, "product": 5, "quantity": 3}}, {"model": "shop_app.cartitem", "pk": 78, "fields": {"cart": 28, "product": 11, "quantity": 1}}, {"model": "shop_app.order", "pk": 16, "fields": {"user": 8, "total_amount": "740.00", "name": "Test User", "address": "Test Address", "phone": "9999999999", "payment_method": "COD", "created_at": "2026-04-22T15:36:02.451Z"}}, {"model": "shop_app.order", "pk": 17, "fields": {"user": 8, "total_amount": "800.00", "name": "Test User", "address": "Test Address", "phone": "9999999999", "payment_method": "CARD", "created_at": "2026-04-22T15:37:13.560Z"}}, {"model": "shop_app.order", "pk": 19, "fields": {"user": 10, "total_amount": "1050.00", "name": "Test User", "address": "Test Address", "phone": "9999999999", "payment_method": "COD", "created_at": "2026-04-22T16:21:41.116Z"}}, {"model": "shop_app.order", "pk": 20, "fields": {"user": 10, "total_amount": "900.00", "name": "Test User", "address": "Test Address", "phone": "9999999999", "payment_method": "COD", "created_at": "2026-04-22T16:27:10.910Z"}}, {"model": "shop_app.order", "pk": 21, "fields": {"user": 11, "total_amount": "820.00", "name": "Test User", "address": "Test Address", "phone": "9999999999", "payment_method": "COD", "created_at": "2026-04-23T03:25:07.890Z"}}, {"model": "shop_app.order", "pk": 22, "fields": {"user": 12, "total_amount": "1010.00", "name": "Test User", "address": "Test Address", "phone": "9999999999", "payment_method": "COD", "created_at": "2026-04-23T03:46:20.439Z"}}, {"model": "shop_app.orderitem", "pk": 24, "fields": {"order": 16, "product": 3, "quantity": 1, "price": "200.00"}}, {"model": "shop_app.orderitem", "pk": 25, "fields": {"order": 16, "product": 8, "quantity": 1, "price": "150.00"}}, {"model": "shop_app.orderitem", "pk": 26, "fields": {"order": 16, "product": 10, "quantity": 3, "price": "80.00"}}, {"model": "shop_app.orderitem", "pk": 27, "fields": {"order": 16, "product": 11, "quantity": 1, "price": "150.00"}}, {"model": "shop_app.orderitem", "pk": 28, "fields": {"order": 17, "product": 3, "quantity": 4, "price": "200.00"}}, {"model": "shop_app.orderitem", "pk": 30, "fields": {"order": 19, "product": 3, "quantity": 3, "price": "200.00"}}, {"model": "shop_app.orderitem", "pk": 31, "fields": {"order": 19, "product": 8, "quantity": 3, "price": "150.00"}}, {"model": "shop_app.orderitem", "pk": 32, "fields": {"order": 20, "product": 8, "quantity": 3, "price": "150.00"}}, {"model": "shop_app.orderitem", "pk": 33, "fields": {"order": 20, "product": 11, "quantity": 3, "price": "150.00"}}, {"model": "shop_app.orderitem", "pk": 34, "fields": {"order": 21, "product": 3, "quantity": 3, "price": "200.00"}}, {"model": "shop_app.orderitem", "pk": 35, "fields": {"order": 21, "product": 4, "quantity": 1, "price": "70.00"}}, {"model": "shop_app.orderitem", "pk": 36, "fields": {"order": 21, "product": 8, "quantity": 1, "price": "150.00"}}, {"model": "shop_app.orderitem", "pk": 37, "fields": {"order": 22, "product": 3, "quantity": 1, "price": "200.00"}}, {"model": "shop_app.orderitem", "pk": 38, "fields": {"order": 22, "product": 5, "quantity": 3, "price": "220.00"}}, {"model": "shop_app.orderitem", "pk": 39, "fields": {"order": 22, "product": 11, "quantity": 1, "price": "150.00"}}]